task,psnrA,psnrB
0,12.77523136138916,79.1075439453125
1,12.77523136138916,79.1075439453125
2,12.77523136138916,79.1075439453125
3,12.77523136138916,79.1075439453125
4,12.77523136138916,79.1075439453125
5,12.77523136138916,79.1075439453125
6,12.77523136138916,79.1075439453125
7,12.77523136138916,79.1075439453125
8,12.77523136138916,79.1075439453125
9,12.77523136138916,79.1075439453125
